
<beans:beans xmlns="http://www.springframework.org/schema/security"
	xmlns:beans="http://www.springframework.org/schema/beans" xmlns:xsi="http://www.w3.org/2001/XMLSchema-instance"
	xmlns:security="http://www.springframework.org/schema/security"
	xsi:schemaLocation="http://www.springframework.org/schema/beans  
     	http://www.springframework.org/schema/beans/spring-beans-4.0.xsd 
      	http://www.springframework.org/schema/context
 		http://www.springframework.org/schema/context/spring-context-4.0.xsd 
     	http://www.springframework.org/schema/security  
     	http://www.springframework.org/schema/security/spring-security-4.0.xsd">


	<http auto-config="true">
		<intercept-url pattern="/Login" access="permitAll" />
		<intercept-url pattern="/BulletineView" access="permitAll"/>
		<intercept-url pattern="/admin/**" access="hasRole('ROLE_ADMIN')" />
		<intercept-url pattern="/user/**" access="hasRole('ROLE_USER')" />

		<access-denied-handler error-page="/403" />
		<form-login login-page="/Login" default-target-url="/index"
			username-parameter="j_username" password-parameter="j_password"
			login-processing-url="/j_spring_security_check"
			authentication-failure-url="/Login?authfailed" />
		<csrf disabled="true" />
	</http>
	<authentication-manager>
		<authentication-provider>
			<jdbc-user-service data-source-ref="dataSource"
				users-by-username-query="SELECT username, password, enabled FROM users WHERE username = ?"
				authorities-by-username-query="SELECT username, role From userrole WHERE username = ?" />
		</authentication-provider>
	</authentication-manager>
</beans:beans>  
   
   
 
 